1;80488299007;LUMIAR HEALTH BUILDERS EQUIPAMENTOS HOSPITALARES LTDA;2025-12-03T00:00:00.000-0300;Publicado deferimento;Produto para Saúde;
2;80047300521;MEDSTAR IMPORTAÇÃO E EXPORTAÇÃO LTDA;2019-09-22T00:00:00.000-0300;Publicado deferimento;Produto para Saúde;
3;80488290032;LUMIAR HEALTH BUILDERS EQUIPAMENTOS HOSPITALARES LTDA;2022-10-31T00:00:00.000-0300;Publicado deferimento;Produto para Saúde;
4;80047300059;MEDSTAR IMPORTAÇÃO E EXPORTAÇÃO LTDA;2020-02-18T00:00:00.000-0300;Cancelado;Produto para Saúde;
5;80677040003;VENTCARE INDUSTRIA E COMERCIO LTDA - ME;2021-04-11T00:00:00.000-0300;Publicado deferimento;Produto para Saúde;
6;80117580501;EMERGO BRAZIL IMPORT IMPORTACAO E DISTRIBUICAO DE PRODUTOS MEDICOS HOSPITALARES LTDA;2021-11-28T00:00:00.000-0300;Publicado deferimento;Produto para Saúde;
7;80488290011;LUMIAR HEALTH BUILDERS EQUIPAMENTOS HOSPITALARES LTDA;2019-08-25T00:00:00.000-0300;Publicado deferimento;Produto para Saúde;
8;80047300511;MEDSTAR IMPORTAÇÃO E EXPORTAÇÃO LTDA;2019-07-21T00:00:00.000-0300;Cancelado;Produto para Saúde;
9;80124940001;LUMIAR HEALTH CARE LTDA EPP;2020-12-07T00:00:00.000-0300;Publicado deferimento;Produto para Saúde;
10;80124940003;LUMIAR HEALTH CARE LTDA EPP;2021-05-09T00:00:00.000-0300;Publicado deferimento;Produto para Saúde;
11;80488290001;LUMIAR HEALTH BUILDERS EQUIPAMENTOS HOSPITALARES LTDA;2018-08-19T00:00:00.000-0300;Publicado deferimento;Produto para Saúde;
12;80117610012;IFAB INDUSTRIA E COMERCIO DE MATERIAIS HOSPITALARES LTDA;2016-07-11T00:00:00.000-0300;Publicado deferimento;Produto para Saúde;
13;80412230001;RWR INDUSTRIA E COMERCIO DE EQUIPAMENTOS PARA ELETROMEDICINA LTDA;2018-04-14T00:00:00.000-0300;Publicado deferimento;Produto para Saúde;
14;80435140005;PROTEC EXPORT INDÚSTRIA, COMÉRCIO, IMPORTAÇAO E EXPORTAÇÃO DE EQUIPAMENTOS MÉDICOS HOSPITALARES LTDA;2018-10-27T00:00:00.000-0300;Publicado deferimento;Produto para Saúde;
15;80112550003;NSR INDÚSTRIA, COMÉRCIO E REPRESENTAÇÕES LTDA.;2018-11-01T00:00:00.000-0300;Publicado deferimento;Produto para Saúde;
16;10320090016;HOMED EQUIPAMENTOS MEDICO HOSPITALAR LTDA - EPP;2018-12-11T00:00:00.000-0300;Publicado deferimento;Produto para Saúde;
17;80435149003;PROTEC EXPORT INDÚSTRIA, COMÉRCIO, IMPORTAÇAO E EXPORTAÇÃO DE EQUIPAMENTOS MÉDICOS HOSPITALARES LTDA;2019-02-09T00:00:00.000-0300;Publicado deferimento;Produto para Saúde;
18;80071260204;GE HEALTHCARE DO BRASIL COMÉRCIO E SERVIÇOS PARA EQUIPAMENTOS MEDICO-HOSPITALARES LTDA;2024-02-25T00:00:00.000-0300;Cancelado;Produto para Saúde;
19;80071260198;GE HEALTHCARE DO BRASIL COMÉRCIO E SERVIÇOS PARA EQUIPAMENTOS MEDICO-HOSPITALARES LTDA;2024-03-02T00:00:00.000-0300;Cancelado;Produto para Saúde;
20;80435140012;PROTEC EXPORT INDÚSTRIA, COMÉRCIO, IMPORTAÇAO E EXPORTAÇÃO DE EQUIPAMENTOS MÉDICOS HOSPITALARES LTDA;2019-03-09T00:00:00.000-0300;Publicado deferimento;Produto para Saúde;
21;80488290023;LUMIAR HEALTH BUILDERS EQUIPAMENTOS HOSPITALARES LTDA;2021-01-18T00:00:00.000-0300;Publicado deferimento;Produto para Saúde;
22;80488290022;LUMIAR HEALTH BUILDERS EQUIPAMENTOS HOSPITALARES LTDA;2021-01-11T00:00:00.000-0300;Publicado deferimento;Produto para Saúde;
23;80412230024;RWR INDUSTRIA E COMERCIO DE EQUIPAMENTOS PARA ELETROMEDICINA LTDA;2018-12-23T00:00:00.000-0300;Publicado deferimento;Produto para Saúde;
24;10104489007;HARTMANN IND COM PRODS MEDICO HOSPITALARES LTDA;2020-03-15T00:00:00.000-0300;Publicado deferimento;Produto para Saúde;
25;10139810095;GUERBET IMAGEM DO BRASIL LTDA;2018-08-08T00:00:00.000-0300;Cancelado;Produto para Saúde;
26;10150470072;CIRURGICA FERNANDES - COMERCIO DE MATERIAIS CIRURGICOS E HOSPITALARES - SOCIEDADE LIMITADA;2017-05-05T00:00:00.000-0300;Publicado deferimento;Produto para Saúde;
27;10216710171;PHILIPS MEDICAL SYSTEMS LTDA;2016-10-16T00:00:00.000-0300;Publicado deferimento;Produto para Saúde;
28;10216710198;PHILIPS MEDICAL SYSTEMS LTDA;2020-12-20T00:00:00.000-0300;Publicado deferimento;Produto para Saúde;
29;10216710199;PHILIPS MEDICAL SYSTEMS LTDA;2026-03-21T00:00:00.000-0300;Publicado deferimento;Produto para Saúde;
30;10216710200;PHILIPS MEDICAL SYSTEMS LTDA;2016-07-25T00:00:00.000-0300;Cancelado;Produto para Saúde;
31;10216710202;PHILIPS MEDICAL SYSTEMS LTDA;2016-09-26T00:00:00.000-0300;Cancelado;Produto para Saúde;
32;10216710208;PHILIPS MEDICAL SYSTEMS LTDA;2016-11-28T00:00:00.000-0300;Publicado deferimento;Produto para Saúde;
33;10216710211;PHILIPS MEDICAL SYSTEMS LTDA;2016-12-26T00:00:00.000-0300;Publicado deferimento;Produto para Saúde;
34;10216710212;PHILIPS MEDICAL SYSTEMS LTDA;2016-12-26T00:00:00.000-0300;Cancelado;Produto para Saúde;
35;10216710216;PHILIPS MEDICAL SYSTEMS LTDA;2017-02-06T00:00:00.000-0300;Cancelado;Produto para Saúde;
36;10216710219;PHILIPS MEDICAL SYSTEMS LTDA;2017-02-06T00:00:00.000-0300;Publicado deferimento;Produto para Saúde;
37;10216710223;PHILIPS MEDICAL SYSTEMS LTDA;2017-04-09T00:00:00.000-0300;Publicado deferimento;Produto para Saúde;
38;10216710227;PHILIPS MEDICAL SYSTEMS LTDA;2017-06-18T00:00:00.000-0300;Cancelado;Produto para Saúde;
39;10216710236;PHILIPS MEDICAL SYSTEMS LTDA;2023-08-19T00:00:00.000-0300;Cancelado;Produto para Saúde;
40;10216710260;PHILIPS MEDICAL SYSTEMS LTDA;2018-12-23T00:00:00.000-0300;Cancelado;Produto para Saúde;
41;10216710264;PHILIPS MEDICAL SYSTEMS LTDA;2019-01-20T00:00:00.000-0300;Cancelado;Produto para Saúde;
42;10216710291;PHILIPS MEDICAL SYSTEMS LTDA;2024-09-22T00:00:00.000-0300;Cancelado;Produto para Saúde;
43;10216719017;PHILIPS MEDICAL SYSTEMS LTDA;2019-09-01T00:00:00.000-0300;Cancelado;Produto para Saúde;
44;10230420038;BIOSERVICE PRODUTOS MEDICO HOSPITALARES LTDA;2018-10-06T00:00:00.000-0300;Publicado deferimento;Produto para Saúde;
45;10273820033;NEWMED PRODUTOS PARA SAÚDE LTDA;2019-06-01T00:00:00.000-0300;Publicado deferimento;Produto para Saúde;
46;10293490038;DIXTAL BIOMEDICA INDUSTRIA E COMERCIO LTDA;2020-02-01T00:00:00.000-0300;Publicado deferimento;Produto para Saúde;
47;10320090015;HOMED EQUIPAMENTOS MEDICO HOSPITALAR LTDA - EPP;2018-09-15T00:00:00.000-0300;Publicado deferimento;Produto para Saúde;
48;10320099001;HOMED EQUIPAMENTOS MEDICO HOSPITALAR LTDA - EPP;2020-11-03T00:00:00.000-0300;Publicado deferimento;Produto para Saúde;
49;10320099002;HOMED EQUIPAMENTOS MEDICO HOSPITALAR LTDA - EPP;2021-02-22T00:00:00.000-0300;Publicado deferimento;Produto para Saúde;
50;10320099005;HOMED EQUIPAMENTOS MEDICO HOSPITALAR LTDA - EPP;2018-03-11T00:00:00.000-0300;Cancelado;Produto para Saúde;
51;10330520035;OXIGEL MATERIAIS HOSPITALARES, IND.E COMERCIO LTDA.;2016-11-27T00:00:00.000-0300;Publicado deferimento;Produto para Saúde;
52;10342600003;COMERCIAL NACIONAL DE PRODUTOS HOSPITALARES LTDA;2020-08-04T00:00:00.000-0300;Publicado deferimento;Produto para Saúde;
53;10342600005;COMERCIAL NACIONAL DE PRODUTOS HOSPITALARES LTDA;2020-08-04T00:00:00.000-0300;Publicado deferimento;Produto para Saúde;
54;10342600006;COMERCIAL NACIONAL DE PRODUTOS HOSPITALARES LTDA;2020-08-18T00:00:00.000-0300;Publicado deferimento;Produto para Saúde;
55;10342600029;COMERCIAL NACIONAL DE PRODUTOS HOSPITALARES LTDA;2020-08-08T00:00:00.000-0300;Publicado deferimento;Produto para Saúde;
56;10342600031;COMERCIAL NACIONAL DE PRODUTOS HOSPITALARES LTDA;2021-01-16T00:00:00.000-0300;Publicado deferimento;Produto para Saúde;
57;10342600032;COMERCIAL NACIONAL DE PRODUTOS HOSPITALARES LTDA;2017-06-11T00:00:00.000-0300;Publicado deferimento;Produto para Saúde;
58;10342600037;COMERCIAL NACIONAL DE PRODUTOS HOSPITALARES LTDA;2018-04-14T00:00:00.000-0300;Publicado deferimento;Produto para Saúde;
59;10342600052;COMERCIAL NACIONAL DE PRODUTOS HOSPITALARES LTDA;2018-10-07T00:00:00.000-0300;Publicado deferimento;Produto para Saúde;
60;10342609002;COMERCIAL NACIONAL DE PRODUTOS HOSPITALARES LTDA;2019-12-28T00:00:00.000-0300;Publicado deferimento;Produto para Saúde;
61;10349000401;AUTO SUTURE DO BRASIL LTDA.;2018-11-24T00:00:00.000-0300;Publicado deferimento;Produto para Saúde;
62;10349590031;JG MORIYA REPRESENTAÇÃO IMPORTADORA EXPORTADORA COMERCIAL LTDA;2019-03-11T00:00:00.000-0300;Publicado deferimento;Produto para Saúde;
63;10349590038;JG MORIYA REPRESENTAÇÃO IMPORTADORA EXPORTADORA COMERCIAL LTDA;2024-11-22T00:00:00.000-0300;Cancelado;Produto para Saúde;
64;10349590058;JG MORIYA REPRESENTAÇÃO IMPORTADORA EXPORTADORA COMERCIAL LTDA;2018-08-18T00:00:00.000-0300;Publicado deferimento;Produto para Saúde;
65;10349590062;JG MORIYA REPRESENTAÇÃO IMPORTADORA EXPORTADORA COMERCIAL LTDA;2019-03-30T00:00:00.000-0300;Publicado deferimento;Produto para Saúde;
66;10349590071;JG MORIYA REPRESENTAÇÃO IMPORTADORA EXPORTADORA COMERCIAL LTDA;2020-07-13T00:00:00.000-0300;Publicado deferimento;Produto para Saúde;
67;10349590073;JG MORIYA REPRESENTAÇÃO IMPORTADORA EXPORTADORA COMERCIAL LTDA;2020-08-31T00:00:00.000-0300;Publicado deferimento;Produto para Saúde;
68;10349590084;JG MORIYA REPRESENTAÇÃO IMPORTADORA EXPORTADORA COMERCIAL LTDA;2016-01-10T00:00:00.000-0300;Publicado deferimento;Produto para Saúde;
69;10349590092;JG MORIYA REPRESENTAÇÃO IMPORTADORA EXPORTADORA COMERCIAL LTDA;2016-03-21T00:00:00.000-0300;Publicado deferimento;Produto para Saúde;
70;10349590093;JG MORIYA REPRESENTAÇÃO IMPORTADORA EXPORTADORA COMERCIAL LTDA;2021-04-11T00:00:00.000-0300;Publicado deferimento;Produto para Saúde;
71;10349590102;JG MORIYA REPRESENTAÇÃO IMPORTADORA EXPORTADORA COMERCIAL LTDA;2016-12-26T00:00:00.000-0300;Publicado deferimento;Produto para Saúde;
72;10349599003;JG MORIYA REPRESENTAÇÃO IMPORTADORA EXPORTADORA COMERCIAL LTDA;2016-01-09T00:00:00.000-0300;Publicado deferimento;Produto para Saúde;
73;10349599013;JG MORIYA REPRESENTAÇÃO IMPORTADORA EXPORTADORA COMERCIAL LTDA;2016-06-13T00:00:00.000-0300;Publicado deferimento;Produto para Saúde;
74;10355390004;NS INDUSTRIA DE APARELHOS MEDICOS LTDA.;2019-03-01T00:00:00.000-0300;Cancelado;Produto para Saúde;
75;10355390013;NS INDUSTRIA DE APARELHOS MEDICOS LTDA.;2020-10-17T00:00:00.000-0300;Cancelado;Produto para Saúde;
76;10362580003;COMPRESS PRODUTOS COMPRESSIVOS E HOSPITALARES LTDA;2019-10-11T00:00:00.000-0300;Publicado deferimento;Produto para Saúde;
77;10407379010;DRAGER INDUSTRIA E COMERCIO LTDA;2019-11-23T00:00:00.000-0300;Publicado deferimento;Produto para Saúde;
78;10424960001;NCS INDÚSTRIA E COMÉRCIO DE EQUIPAMENTOS PARA SAÚDE LTDA.;2019-12-01T00:00:00.000-0300;Publicado deferimento;Produto para Saúde;
79;10432300005;UNITEC INDUSTRIA E COMERCIO DE APARELHOS HOSPITALARES LTDA;2019-03-31T00:00:00.000-0300;Publicado deferimento;Produto para Saúde;
80;10432300006;UNITEC INDUSTRIA E COMERCIO DE APARELHOS HOSPITALARES LTDA;2019-03-31T00:00:00.000-0300;Publicado deferimento;Produto para Saúde;
81;10432300007;UNITEC INDUSTRIA E COMERCIO DE APARELHOS HOSPITALARES LTDA;2019-10-22T00:00:00.000-0300;Publicado deferimento;Produto para Saúde;
82;10432300009;UNITEC INDUSTRIA E COMERCIO DE APARELHOS HOSPITALARES LTDA;2020-10-24T00:00:00.000-0300;Publicado deferimento;Produto para Saúde;
83;10432300011;UNITEC INDUSTRIA E COMERCIO DE APARELHOS HOSPITALARES LTDA;2016-08-07T00:00:00.000-0300;Publicado deferimento;Produto para Saúde;
84;10432300013;UNITEC INDUSTRIA E COMERCIO DE APARELHOS HOSPITALARES LTDA;2017-07-30T00:00:00.000-0300;Publicado deferimento;Produto para Saúde;
85;10432309001;UNITEC INDUSTRIA E COMERCIO DE APARELHOS HOSPITALARES LTDA;2019-05-21T00:00:00.000-0300;Publicado deferimento;Produto para Saúde;
86;10432309004;UNITEC INDUSTRIA E COMERCIO DE APARELHOS HOSPITALARES LTDA;2018-03-10T00:00:00.000-0300;Publicado deferimento;Produto para Saúde;
87;10439150001;PERFITECNICA PERFIS TÉCNICOS DE BORRACHA LTDA;2019-10-05T00:00:00.000-0300;Publicado deferimento;Produto para Saúde;
88;80006170035;AMBER COMERCIAL LTDA;2018-12-02T00:00:00.000-0300;Publicado deferimento;Produto para Saúde;
89;80015660004;VENT-LOGOS SISTEMAS LÓGICOS LTDA;2024-10-26T00:00:00.000-0300;Publicado deferimento;Produto para Saúde;
90;80047300069;MEDSTAR IMPORTAÇÃO E EXPORTAÇÃO LTDA;2020-10-03T00:00:00.000-0300;Cancelado;Produto para Saúde;
91;80047300072;MEDSTAR IMPORTAÇÃO E EXPORTAÇÃO LTDA;2015-11-21T00:00:00.000-0300;Cancelado;Produto para Saúde;
92;80047300075;MEDSTAR IMPORTAÇÃO E EXPORTAÇÃO LTDA;2016-01-23T00:00:00.000-0300;Cancelado;Produto para Saúde;
93;80047300447;MEDSTAR IMPORTAÇÃO E EXPORTAÇÃO LTDA;2017-10-08T00:00:00.000-0300;Cancelado;Produto para Saúde;
94;80047300487;MEDSTAR IMPORTAÇÃO E EXPORTAÇÃO LTDA;2018-12-04T00:00:00.000-0300;Publicado deferimento;Produto para Saúde;
95;80047300489;MEDSTAR IMPORTAÇÃO E EXPORTAÇÃO LTDA;2018-12-23T00:00:00.000-0300;Cancelado;Produto para Saúde;
96;80047300501;MEDSTAR IMPORTAÇÃO E EXPORTAÇÃO LTDA;2019-02-24T00:00:00.000-0300;Cancelado;Produto para Saúde;
97;80047300512;MEDSTAR IMPORTAÇÃO E EXPORTAÇÃO LTDA;2019-07-21T00:00:00.000-0300;Cancelado;Produto para Saúde;
98;80047300518;MEDSTAR IMPORTAÇÃO E EXPORTAÇÃO LTDA;2019-08-18T00:00:00.000-0300;Cancelado;Produto para Saúde;
99;80677040002;VENTCARE INDUSTRIA E COMERCIO LTDA - ME;2021-03-28T00:00:00.000-0300;Publicado deferimento;Produto para Saúde;
100;80677040005;VENTCARE INDUSTRIA E COMERCIO LTDA - ME;2021-04-11T00:00:00.000-0300;Publicado deferimento;Produto para Saúde;
101;80677040007;VENTCARE INDUSTRIA E COMERCIO LTDA - ME;2021-06-13T00:00:00.000-0300;Publicado deferimento;Produto para Saúde;
102;80677040010;VENTCARE INDUSTRIA E COMERCIO LTDA - ME;2016-11-28T00:00:00.000-0300;Publicado deferimento;Produto para Saúde;
103;80677049001;VENTCARE INDUSTRIA E COMERCIO LTDA - ME;2021-02-22T00:00:00.000-0300;Publicado deferimento;Produto para Saúde;
104;80047300519;MEDSTAR IMPORTAÇÃO E EXPORTAÇÃO LTDA;2019-08-18T00:00:00.000-0300;Cancelado;Produto para Saúde;
105;80047300528;MEDSTAR IMPORTAÇÃO E EXPORTAÇÃO LTDA;2024-11-03T00:00:00.000-0300;Publicado deferimento;Produto para Saúde;
106;80047300546;MEDSTAR IMPORTAÇÃO E EXPORTAÇÃO LTDA;2025-05-11T00:00:00.000-0300;Cancelado;Produto para Saúde;
107;80102510006;VR MEDICAL IMPORTADORA E DISTRIBUIDORA DE PRODUTOS MÉDICOS LTDA;2018-02-01T00:00:00.000-0300;Arquivado por deferimento;Produto para Saúde;
108;80102510173;VR MEDICAL IMPORTADORA E DISTRIBUIDORA DE PRODUTOS MÉDICOS LTDA;2016-02-13T00:00:00.000-0300;Cancelado;Produto para Saúde;
109;80102510238;VR MEDICAL IMPORTADORA E DISTRIBUIDORA DE PRODUTOS MÉDICOS LTDA;2016-08-07T00:00:00.000-0300;Cancelado;Produto para Saúde;
110;80102510308;VR MEDICAL IMPORTADORA E DISTRIBUIDORA DE PRODUTOS MÉDICOS LTDA;2016-12-26T00:00:00.000-0300;Publicado deferimento;Produto para Saúde;
111;80102510369;VR MEDICAL IMPORTADORA E DISTRIBUIDORA DE PRODUTOS MÉDICOS LTDA;2017-07-02T00:00:00.000-0300;Cancelado;Produto para Saúde;
112;80102510425;VR MEDICAL IMPORTADORA E DISTRIBUIDORA DE PRODUTOS MÉDICOS LTDA;2017-11-12T00:00:00.000-0300;Cancelado;Produto para Saúde;
113;80102510499;VR MEDICAL IMPORTADORA E DISTRIBUIDORA DE PRODUTOS MÉDICOS LTDA;2018-05-12T00:00:00.000-0300;Cancelado;Produto para Saúde;
114;80102510697;VR MEDICAL IMPORTADORA E DISTRIBUIDORA DE PRODUTOS MÉDICOS LTDA;2019-09-28T00:00:00.000-0300;Publicado deferimento;Produto para Saúde;
115;80102510869;VR MEDICAL IMPORTADORA E DISTRIBUIDORA DE PRODUTOS MÉDICOS LTDA;2015-11-22T00:00:00.000-0300;Cancelado;Produto para Saúde;
116;80102511010;VR MEDICAL IMPORTADORA E DISTRIBUIDORA DE PRODUTOS MÉDICOS LTDA;2016-12-19T00:00:00.000-0300;Cancelado;Produto para Saúde;
117;80102511175;VR MEDICAL IMPORTADORA E DISTRIBUIDORA DE PRODUTOS MÉDICOS LTDA;2018-11-25T00:00:00.000-0300;Cancelado;Produto para Saúde;
118;80102511503;VR MEDICAL IMPORTADORA E DISTRIBUIDORA DE PRODUTOS MÉDICOS LTDA;2020-10-13T00:00:00.000-0300;Publicado deferimento;Produto para Saúde;
119;80112550002;NSR INDÚSTRIA, COMÉRCIO E REPRESENTAÇÕES LTDA.;2018-11-01T00:00:00.000-0300;Publicado deferimento;Produto para Saúde;
120;80113010007;RESPIRATORY CARE HOSPITALAR LTDA;2027-09-17T00:00:00.000-0300;Cancelado;Produto para Saúde;
121;80113019004;RESPIRATORY CARE HOSPITALAR LTDA;2021-03-21T00:00:00.000-0300;Publicado deferimento;Produto para Saúde;
122;80117580284;EMERGO BRAZIL IMPORT IMPORTACAO E DISTRIBUICAO DE PRODUTOS MEDICOS HOSPITALARES LTDA;2019-09-22T00:00:00.000-0300;Cancelado;Produto para Saúde;
123;80117610010;IFAB INDUSTRIA E COMERCIO DE MATERIAIS HOSPITALARES LTDA;2015-11-22T00:00:00.000-0300;Publicado deferimento;Produto para Saúde;
124;80170310048;BACE COMÉRCIO INTERNACIONAL LTDA;2021-02-22T00:00:00.000-0300;Publicado deferimento;Produto para Saúde;
125;80171530002;MAKE LINE COMERCIAL LTDA ME;2017-04-23T00:00:00.000-0300;Publicado deferimento;Produto para Saúde;
126;80171530004;MAKE LINE COMERCIAL LTDA ME;2017-09-24T00:00:00.000-0300;Publicado deferimento;Produto para Saúde;
127;80171530011;MAKE LINE COMERCIAL LTDA ME;2019-09-24T00:00:00.000-0300;Publicado deferimento;Produto para Saúde;
128;80171530019;MAKE LINE COMERCIAL LTDA ME;2021-04-11T00:00:00.000-0300;Publicado deferimento;Produto para Saúde;
129;80193710009;M. F. EQUIPAMENTOS MÉDICOS LTDA - EPP;2021-05-16T00:00:00.000-0300;Cancelado;Produto para Saúde;
130;80209920001;R&D MEDIQ EQUIPAMENTOS E SERVICOS ESPECIALIZADOS LTDA - EPP;2023-06-23T00:00:00.000-0300;Publicado deferimento;Produto para Saúde;
131;80244309001;MURENAS  PRODUTOS PARA SAÚDE LTDA;2020-03-15T00:00:00.000-0300;Publicado deferimento;Produto para Saúde;
132;80281070037;CELSO LOPES MARTINS LTDA;2016-01-17T00:00:00.000-0300;Publicado deferimento;Produto para Saúde;
133;80353990002;WENTILL INDUSTRIA E COMERCIO DE MATERIAL HOSPITALAR LTDA;2016-06-13T00:00:00.000-0300;Publicado deferimento;Produto para Saúde;
134;80358740002;IMPACTO PRODUTOS MÉDICOS E HOSPITALARES LTDA - ME;2017-07-02T00:00:00.000-0300;Publicado deferimento;Produto para Saúde;
135;80358740008;IMPACTO PRODUTOS MÉDICOS E HOSPITALARES LTDA - ME;2017-12-03T00:00:00.000-0300;Publicado deferimento;Produto para Saúde;
136;80389130008;GLOBAL TEC INDUSTRIA E COMERCIO DE PRODUTOS MEDICOS LTDA - EPP;2019-08-10T00:00:00.000-0300;Cancelado;Produto para Saúde;
137;80389130009;GLOBAL TEC INDUSTRIA E COMERCIO DE PRODUTOS MEDICOS LTDA - EPP;2026-01-24T00:00:00.000-0300;Publicado deferimento;Produto para Saúde;
138;80389130010;GLOBAL TEC INDUSTRIA E COMERCIO DE PRODUTOS MEDICOS LTDA - EPP;2021-01-24T00:00:00.000-0300;Publicado deferimento;Produto para Saúde;
139;80412230019;RWR INDUSTRIA E COMERCIO DE EQUIPAMENTOS PARA ELETROMEDICINA LTDA;2016-04-25T00:00:00.000-0300;Publicado deferimento;Produto para Saúde;
140;80435140002;PROTEC EXPORT INDÚSTRIA, COMÉRCIO, IMPORTAÇAO E EXPORTAÇÃO DE EQUIPAMENTOS MÉDICOS HOSPITALARES LTDA;2018-10-20T00:00:00.000-0300;Publicado deferimento;Produto para Saúde;
141;80435140008;PROTEC EXPORT INDÚSTRIA, COMÉRCIO, IMPORTAÇAO E EXPORTAÇÃO DE EQUIPAMENTOS MÉDICOS HOSPITALARES LTDA;2018-10-27T00:00:00.000-0300;Publicado deferimento;Produto para Saúde;
142;80435140013;PROTEC EXPORT INDÚSTRIA, COMÉRCIO, IMPORTAÇAO E EXPORTAÇÃO DE EQUIPAMENTOS MÉDICOS HOSPITALARES LTDA;2019-05-13T00:00:00.000-0300;Publicado deferimento;Produto para Saúde;
143;80435140014;PROTEC EXPORT INDÚSTRIA, COMÉRCIO, IMPORTAÇAO E EXPORTAÇÃO DE EQUIPAMENTOS MÉDICOS HOSPITALARES LTDA;2019-06-29T00:00:00.000-0300;Publicado deferimento;Produto para Saúde;
144;80435140015;PROTEC EXPORT INDÚSTRIA, COMÉRCIO, IMPORTAÇAO E EXPORTAÇÃO DE EQUIPAMENTOS MÉDICOS HOSPITALARES LTDA;2019-07-06T00:00:00.000-0300;Publicado deferimento;Produto para Saúde;
145;80435140016;PROTEC EXPORT INDÚSTRIA, COMÉRCIO, IMPORTAÇAO E EXPORTAÇÃO DE EQUIPAMENTOS MÉDICOS HOSPITALARES LTDA;2019-07-13T00:00:00.000-0300;Publicado deferimento;Produto para Saúde;
146;80435140017;PROTEC EXPORT INDÚSTRIA, COMÉRCIO, IMPORTAÇAO E EXPORTAÇÃO DE EQUIPAMENTOS MÉDICOS HOSPITALARES LTDA;2019-07-13T00:00:00.000-0300;Publicado deferimento;Produto para Saúde;
147;80435140021;PROTEC EXPORT INDÚSTRIA, COMÉRCIO, IMPORTAÇAO E EXPORTAÇÃO DE EQUIPAMENTOS MÉDICOS HOSPITALARES LTDA;2019-08-31T00:00:00.000-0300;Publicado deferimento;Produto para Saúde;
148;80435140023;PROTEC EXPORT INDÚSTRIA, COMÉRCIO, IMPORTAÇAO E EXPORTAÇÃO DE EQUIPAMENTOS MÉDICOS HOSPITALARES LTDA;2019-08-31T00:00:00.000-0300;Publicado deferimento;Produto para Saúde;
149;80435140025;PROTEC EXPORT INDÚSTRIA, COMÉRCIO, IMPORTAÇAO E EXPORTAÇÃO DE EQUIPAMENTOS MÉDICOS HOSPITALARES LTDA;2019-10-14T00:00:00.000-0300;Publicado deferimento;Produto para Saúde;
150;80435140026;PROTEC EXPORT INDÚSTRIA, COMÉRCIO, IMPORTAÇAO E EXPORTAÇÃO DE EQUIPAMENTOS MÉDICOS HOSPITALARES LTDA;2019-10-26T00:00:00.000-0300;Publicado deferimento;Produto para Saúde;
151;80435140028;PROTEC EXPORT INDÚSTRIA, COMÉRCIO, IMPORTAÇAO E EXPORTAÇÃO DE EQUIPAMENTOS MÉDICOS HOSPITALARES LTDA;2019-12-21T00:00:00.000-0300;Publicado deferimento;Produto para Saúde;
152;80435149004;PROTEC EXPORT INDÚSTRIA, COMÉRCIO, IMPORTAÇAO E EXPORTAÇÃO DE EQUIPAMENTOS MÉDICOS HOSPITALARES LTDA;2019-03-30T00:00:00.000-0300;Publicado deferimento;Produto para Saúde;
153;80488290002;LUMIAR HEALTH BUILDERS EQUIPAMENTOS HOSPITALARES LTDA;2018-09-02T00:00:00.000-0300;Publicado deferimento;Produto para Saúde;
154;80488290003;LUMIAR HEALTH BUILDERS EQUIPAMENTOS HOSPITALARES LTDA;2018-10-21T00:00:00.000-0300;Publicado deferimento;Produto para Saúde;
155;80488290004;LUMIAR HEALTH BUILDERS EQUIPAMENTOS HOSPITALARES LTDA;2018-10-21T00:00:00.000-0300;Publicado deferimento;Produto para Saúde;
156;80488290005;LUMIAR HEALTH BUILDERS EQUIPAMENTOS HOSPITALARES LTDA;2018-12-02T00:00:00.000-0300;Publicado deferimento;Produto para Saúde;
157;80488290006;LUMIAR HEALTH BUILDERS EQUIPAMENTOS HOSPITALARES LTDA;2018-12-23T00:00:00.000-0300;Publicado deferimento;Produto para Saúde;
158;80488290006;LUMIAR HEALTH BUILDERS EQUIPAMENTOS HOSPITALARES LTDA;2018-12-23T00:00:00.000-0300;Publicado deferimento;Produto para Saúde;
159;80488290008;LUMIAR HEALTH BUILDERS EQUIPAMENTOS HOSPITALARES LTDA;2019-04-07T00:00:00.000-0300;Publicado deferimento;Produto para Saúde;
160;80488290009;LUMIAR HEALTH BUILDERS EQUIPAMENTOS HOSPITALARES LTDA;2019-04-14T00:00:00.000-0300;Publicado deferimento;Produto para Saúde;
161;80488290010;LUMIAR HEALTH BUILDERS EQUIPAMENTOS HOSPITALARES LTDA;2019-04-28T00:00:00.000-0300;Publicado deferimento;Produto para Saúde;
162;80488290012;LUMIAR HEALTH BUILDERS EQUIPAMENTOS HOSPITALARES LTDA;2019-10-13T00:00:00.000-0300;Publicado deferimento;Produto para Saúde;
163;80488290013;LUMIAR HEALTH BUILDERS EQUIPAMENTOS HOSPITALARES LTDA;2019-10-13T00:00:00.000-0300;Publicado deferimento;Produto para Saúde;
164;80488290014;LUMIAR HEALTH BUILDERS EQUIPAMENTOS HOSPITALARES LTDA;2019-10-13T00:00:00.000-0300;Publicado deferimento;Produto para Saúde;
165;80488290015;LUMIAR HEALTH BUILDERS EQUIPAMENTOS HOSPITALARES LTDA;2019-11-03T00:00:00.000-0300;Publicado deferimento;Produto para Saúde;
166;80488290016;LUMIAR HEALTH BUILDERS EQUIPAMENTOS HOSPITALARES LTDA;2019-11-03T00:00:00.000-0300;Publicado deferimento;Produto para Saúde;
167;80488290017;LUMIAR HEALTH BUILDERS EQUIPAMENTOS HOSPITALARES LTDA;2019-12-15T00:00:00.000-0300;Publicado deferimento;Produto para Saúde;
168;80488290018;LUMIAR HEALTH BUILDERS EQUIPAMENTOS HOSPITALARES LTDA;2020-03-02T00:00:00.000-0300;Publicado deferimento;Produto para Saúde;
169;80488290020;LUMIAR HEALTH BUILDERS EQUIPAMENTOS HOSPITALARES LTDA;2020-05-25T00:00:00.000-0300;Publicado deferimento;Produto para Saúde;
170;80488299004;LUMIAR HEALTH BUILDERS EQUIPAMENTOS HOSPITALARES LTDA;2025-04-13T00:00:00.000-0300;Publicado deferimento;Produto para Saúde;
171;10150470481;CIRURGICA FERNANDES - COMERCIO DE MATERIAIS CIRURGICOS E HOSPITALARES - SOCIEDADE LIMITADA;2021-07-18T00:00:00.000-0300;Publicado deferimento;Produto para Saúde;
172;10150470504;CIRURGICA FERNANDES - COMERCIO DE MATERIAIS CIRURGICOS E HOSPITALARES - SOCIEDADE LIMITADA;2022-02-20T00:00:00.000-0300;Publicado deferimento;Produto para Saúde;
173;10166980005;BIOTRON COM EXTERIOR E REPRESENTACAO LTDA;2004-07-01T00:00:00.000-0300;Publicado deferimento;Produto para Saúde;
174;10216710309;PHILIPS MEDICAL SYSTEMS LTDA;2020-03-23T00:00:00.000-0300;Cancelado;Produto para Saúde;
175;10216710310;PHILIPS MEDICAL SYSTEMS LTDA;2020-03-23T00:00:00.000-0300;Cancelado;Produto para Saúde;
176;10216710330;PHILIPS MEDICAL SYSTEMS LTDA;2021-06-27T00:00:00.000-0300;Publicado deferimento;Produto para Saúde;
177;10216710331;PHILIPS MEDICAL SYSTEMS LTDA;2021-06-27T00:00:00.000-0300;Publicado deferimento;Produto para Saúde;
178;10216710341;PHILIPS MEDICAL SYSTEMS LTDA;2022-01-02T00:00:00.000-0300;Publicado deferimento;Produto para Saúde;
179;10216719018;PHILIPS MEDICAL SYSTEMS LTDA;2019-09-29T00:00:00.000-0300;Publicado deferimento;Produto para Saúde;
180;10227180039;OLIDEF CZ IND E COM DE APARELHOS HOSPITALARES LTDA;2026-01-25T00:00:00.000-0300;Publicado deferimento;Produto para Saúde;
181;10243240031;INTERMED EQUIPAMENTO MEDICO HOSPITALAR LTDA;2017-11-01T00:00:00.000-0300;Cancelado;Produto para Saúde;
182;10243240038;INTERMED EQUIPAMENTO MEDICO HOSPITALAR LTDA;2005-12-01T00:00:00.000-0300;Publicado deferimento;Produto para Saúde;
183;10293490031;DIXTAL BIOMEDICA INDUSTRIA E COMERCIO LTDA;2011-08-28T00:00:00.000-0300;Publicado deferimento;Produto para Saúde;
184;10319090010;EQUIPAMED EQUIPAMENTOS MÉDICOS LTDA;2005-07-01T00:00:00.000-0300;Publicado deferimento;Produto para Saúde;
185;10319090012;EQUIPAMED EQUIPAMENTOS MÉDICOS LTDA;2005-08-01T00:00:00.000-0300;Publicado deferimento;Produto para Saúde;
186;10320090007;HOMED EQUIPAMENTOS MEDICO HOSPITALAR LTDA - EPP;2006-08-01T00:00:00.000-0300;Publicado deferimento;Produto para Saúde;
187;10320090026;HOMED EQUIPAMENTOS MEDICO HOSPITALAR LTDA - EPP;2019-08-18T00:00:00.000-0300;Publicado deferimento;Produto para Saúde;
188;10332170036;DORJA INDÚSTRIA E COMERCIO DE EQUIPAMENTOS MÉDICOS LTDA;2020-09-13T00:00:00.000-0300;Publicado deferimento;Produto para Saúde;
189;10332170037;DORJA INDÚSTRIA E COMERCIO DE EQUIPAMENTOS MÉDICOS LTDA;2015-11-30T00:00:00.000-0300;Publicado deferimento;Produto para Saúde;
190;10349000322;AUTO SUTURE DO BRASIL LTDA.;2026-08-15T00:00:00.000-0300;Cancelado;Produto para Saúde;
191;10349000326;AUTO SUTURE DO BRASIL LTDA.;2018-04-07T00:00:00.000-0300;Cancelado;Produto para Saúde;
192;10349000328;AUTO SUTURE DO BRASIL LTDA.;2024-08-11T00:00:00.000-0300;Publicado deferimento;Produto para Saúde;
193;10349000329;AUTO SUTURE DO BRASIL LTDA.;2028-08-08T00:00:00.000-0300;Publicado deferimento;Produto para Saúde;
194;10349000353;AUTO SUTURE DO BRASIL LTDA.;2017-06-11T00:00:00.000-0300;Publicado deferimento;Produto para Saúde;
195;10349000362;AUTO SUTURE DO BRASIL LTDA.;2018-03-01T00:00:00.000-0300;Publicado deferimento;Produto para Saúde;
196;10349590057;JG MORIYA REPRESENTAÇÃO IMPORTADORA EXPORTADORA COMERCIAL LTDA;2018-07-28T00:00:00.000-0300;Publicado deferimento;Produto para Saúde;
197;10349590059;JG MORIYA REPRESENTAÇÃO IMPORTADORA EXPORTADORA COMERCIAL LTDA;2018-11-03T00:00:00.000-0300;Publicado deferimento;Produto para Saúde;
198;10349590072;JG MORIYA REPRESENTAÇÃO IMPORTADORA EXPORTADORA COMERCIAL LTDA;2020-08-23T00:00:00.000-0300;Publicado deferimento;Produto para Saúde;
199;10349590087;JG MORIYA REPRESENTAÇÃO IMPORTADORA EXPORTADORA COMERCIAL LTDA;2021-02-07T00:00:00.000-0300;Publicado deferimento;Produto para Saúde;
200;81464750049;Domo Salute Consultoria Regulatória Ltda;2025-04-20T00:00:00.000-0300;Publicado deferimento;Produto para Saúde;
201;10349590112;JG MORIYA REPRESENTAÇÃO IMPORTADORA EXPORTADORA COMERCIAL LTDA;2017-12-03T00:00:00.000-0300;Publicado deferimento;Produto para Saúde;
202;10349599016;JG MORIYA REPRESENTAÇÃO IMPORTADORA EXPORTADORA COMERCIAL LTDA;2021-05-02T00:00:00.000-0300;Publicado deferimento;Produto para Saúde;
203;10380630007;MEDITRON ELETROMEDICINA LTDA;2021-02-22T00:00:00.000-0300;Cancelado;Produto para Saúde;
204;10432300017;UNITEC INDUSTRIA E COMERCIO DE APARELHOS HOSPITALARES LTDA;2019-09-28T00:00:00.000-0300;Publicado deferimento;Produto para Saúde;
205;80047300626;MEDSTAR IMPORTAÇÃO E EXPORTAÇÃO LTDA;2022-08-21T00:00:00.000-0300;Publicado deferimento;Produto para Saúde;
206;80047300627;MEDSTAR IMPORTAÇÃO E EXPORTAÇÃO LTDA;2022-08-21T00:00:00.000-0300;Publicado deferimento;Produto para Saúde;
207;80047300686;MEDSTAR IMPORTAÇÃO E EXPORTAÇÃO LTDA;2023-06-18T00:00:00.000-0300;Publicado deferimento;Produto para Saúde;
208;80047300715;MEDSTAR IMPORTAÇÃO E EXPORTAÇÃO LTDA;2024-07-15T00:00:00.000-0300;Publicado deferimento;Produto para Saúde;
209;80047309144;MEDSTAR IMPORTAÇÃO E EXPORTAÇÃO LTDA;2021-04-16T00:00:00.000-0300;Publicado deferimento;Produto para Saúde;
210;80117580188;EMERGO BRAZIL IMPORT IMPORTACAO E DISTRIBUICAO DE PRODUTOS MEDICOS HOSPITALARES LTDA;2018-07-15T00:00:00.000-0300;Cancelado;Produto para Saúde;
211;80117580216;EMERGO BRAZIL IMPORT IMPORTACAO E DISTRIBUICAO DE PRODUTOS MEDICOS HOSPITALARES LTDA;2018-12-16T00:00:00.000-0300;Publicado deferimento;Produto para Saúde;
212;80117580231;EMERGO BRAZIL IMPORT IMPORTACAO E DISTRIBUICAO DE PRODUTOS MEDICOS HOSPITALARES LTDA;2019-04-07T00:00:00.000-0300;Publicado deferimento;Produto para Saúde;
213;80117580236;EMERGO BRAZIL IMPORT IMPORTACAO E DISTRIBUICAO DE PRODUTOS MEDICOS HOSPITALARES LTDA;2019-04-14T00:00:00.000-0300;Publicado deferimento;Produto para Saúde;
214;80117580477;EMERGO BRAZIL IMPORT IMPORTACAO E DISTRIBUICAO DE PRODUTOS MEDICOS HOSPITALARES LTDA;2021-08-01T00:00:00.000-0300;Publicado deferimento;Produto para Saúde;
215;80117580714;EMERGO BRAZIL IMPORT IMPORTACAO E DISTRIBUICAO DE PRODUTOS MEDICOS HOSPITALARES LTDA;2023-10-01T00:00:00.000-0300;Publicado deferimento;Produto para Saúde;
216;80117580870;EMERGO BRAZIL IMPORT IMPORTACAO E DISTRIBUICAO DE PRODUTOS MEDICOS HOSPITALARES LTDA;2025-04-20T00:00:00.000-0300;Publicado deferimento;Produto para Saúde;
217;80117580871;EMERGO BRAZIL IMPORT IMPORTACAO E DISTRIBUICAO DE PRODUTOS MEDICOS HOSPITALARES LTDA;2025-04-20T00:00:00.000-0300;Publicado deferimento;Produto para Saúde;
218;80124940002;LUMIAR HEALTH CARE LTDA EPP;2021-05-09T00:00:00.000-0300;Publicado deferimento;Produto para Saúde;
219;80158680001;GVS DO BRASIL LTDA;2018-02-11T00:00:00.000-0300;Publicado deferimento;Produto para Saúde;
220;80193710010;M. F. EQUIPAMENTOS MÉDICOS LTDA - EPP;2017-08-27T00:00:00.000-0300;Publicado deferimento;Produto para Saúde;
221;80193710011;M. F. EQUIPAMENTOS MÉDICOS LTDA - EPP;2022-03-01T00:00:00.000-0300;Publicado deferimento;Produto para Saúde;
222;80193710012;M. F. EQUIPAMENTOS MÉDICOS LTDA - EPP;2023-04-23T00:00:00.000-0300;Publicado deferimento;Produto para Saúde;
223;80204410018;AIR LIQUIDE BRASIL LTDA;2018-03-25T00:00:00.000-0300;Cancelado;Produto para Saúde;
224;80280200002;KINNER SILICONE RUBBER INDÚSTRIA E COMÉRCIO LTDA;2016-06-13T00:00:00.000-0300;Publicado deferimento;Produto para Saúde;
225;80330630002;BIOTEC PRODUTOS HOSPITALARES LTDA;2017-08-27T00:00:00.000-0300;Publicado deferimento;Produto para Saúde;
226;80389130001;GLOBAL TEC INDUSTRIA E COMERCIO DE PRODUTOS MEDICOS LTDA - EPP;2017-11-12T00:00:00.000-0300;Publicado deferimento;Produto para Saúde;
227;80389130032;GLOBAL TEC INDUSTRIA E COMERCIO DE PRODUTOS MEDICOS LTDA - EPP;2021-03-28T00:00:00.000-0300;Publicado deferimento;Produto para Saúde;
228;80412230028;RWR INDUSTRIA E COMERCIO DE EQUIPAMENTOS PARA ELETROMEDICINA LTDA;2021-01-25T00:00:00.000-0300;Publicado deferimento;Produto para Saúde;
229;80423540003;GABISA MEDICAL INTERNATIONAL LTDA EPP;2018-11-10T00:00:00.000-0300;Publicado deferimento;Produto para Saúde;
230;80475810004;SERDIA ELETRONICA INDUSTRIAL S.A.;2023-05-07T00:00:00.000-0300;Publicado deferimento;Produto para Saúde;
231;80488290019;LUMIAR HEALTH BUILDERS EQUIPAMENTOS HOSPITALARES LTDA;2020-04-20T00:00:00.000-0300;Publicado deferimento;Produto para Saúde;
232;80488290021;LUMIAR HEALTH BUILDERS EQUIPAMENTOS HOSPITALARES LTDA;2020-07-13T00:00:00.000-0300;Publicado deferimento;Produto para Saúde;
233;80488290025;LUMIAR HEALTH BUILDERS EQUIPAMENTOS HOSPITALARES LTDA;2021-05-23T00:00:00.000-0300;Publicado deferimento;Produto para Saúde;
234;80488290026;LUMIAR HEALTH BUILDERS EQUIPAMENTOS HOSPITALARES LTDA;2021-12-12T00:00:00.000-0300;Cancelado;Produto para Saúde;
235;80488290029;LUMIAR HEALTH BUILDERS EQUIPAMENTOS HOSPITALARES LTDA;2022-04-03T00:00:00.000-0300;Publicado deferimento;Produto para Saúde;
236;80488290030;LUMIAR HEALTH BUILDERS EQUIPAMENTOS HOSPITALARES LTDA;2022-04-10T00:00:00.000-0300;Publicado deferimento;Produto para Saúde;
237;80488290031;LUMIAR HEALTH BUILDERS EQUIPAMENTOS HOSPITALARES LTDA;2022-04-24T00:00:00.000-0300;Publicado deferimento;Produto para Saúde;
238;80488290034;LUMIAR HEALTH BUILDERS EQUIPAMENTOS HOSPITALARES LTDA;2023-10-29T00:00:00.000-0300;Publicado deferimento;Produto para Saúde;
239;80488290035;LUMIAR HEALTH BUILDERS EQUIPAMENTOS HOSPITALARES LTDA;2024-03-25T00:00:00.000-0300;Publicado deferimento;Produto para Saúde;
240;80488290036;LUMIAR HEALTH BUILDERS EQUIPAMENTOS HOSPITALARES LTDA;2024-03-25T00:00:00.000-0300;Publicado deferimento;Produto para Saúde;
241;80488290037;LUMIAR HEALTH BUILDERS EQUIPAMENTOS HOSPITALARES LTDA;2025-04-13T00:00:00.000-0300;Publicado deferimento;Produto para Saúde;
242;80488290038;LUMIAR HEALTH BUILDERS EQUIPAMENTOS HOSPITALARES LTDA;2025-08-17T00:00:00.000-0300;Publicado deferimento;Produto para Saúde;
243;80488290039;LUMIAR HEALTH BUILDERS EQUIPAMENTOS HOSPITALARES LTDA;2025-08-17T00:00:00.000-0300;Publicado deferimento;Produto para Saúde;
244;80488299002;LUMIAR HEALTH BUILDERS EQUIPAMENTOS HOSPITALARES LTDA;2023-07-16T00:00:00.000-0300;Publicado deferimento;Produto para Saúde;
245;80488299003;LUMIAR HEALTH BUILDERS EQUIPAMENTOS HOSPITALARES LTDA;2024-03-25T00:00:00.000-0300;Publicado deferimento;Produto para Saúde;
246;80488299005;LUMIAR HEALTH BUILDERS EQUIPAMENTOS HOSPITALARES LTDA;2021-04-30T00:00:00.000-0300;Cancelado;Produto para Saúde;
247;80568900004;MARIA JOSÉ VIEIRA SILICONES - EPP;2017-03-26T00:00:00.000-0300;Publicado deferimento;Produto para Saúde;
248;80568900012;MARIA JOSÉ VIEIRA SILICONES - EPP;2020-10-20T00:00:00.000-0300;Publicado deferimento;Produto para Saúde;
249;80825800007;RESPIROX COMÉRCIO DE OXIGÊNIO LTDA - EPP;2018-12-23T00:00:00.000-0300;Publicado deferimento;Produto para Saúde;
250;81281830012;DOMAX INDÚSTRIA, COMÉRCIO, IMPORTAÇÃO E  EXPORTAÇÃO DE EQUIPAMENTOS HOSPITALARES LTDA;2021-01-25T00:00:00.000-0300;Publicado deferimento;Produto para Saúde;
251;81447950001;FISHER & PAYKEL DO BRASIL LTDA;2024-07-29T00:00:00.000-0300;Publicado deferimento;Produto para Saúde;
252;81447950008;FISHER & PAYKEL DO BRASIL LTDA;2025-03-23T00:00:00.000-0300;Publicado deferimento;Produto para Saúde;
253;81447959019;FISHER & PAYKEL DO BRASIL LTDA;2026-02-25T00:00:00.000-0300;Publicado deferimento;Produto para Saúde;
254;81447959020;FISHER & PAYKEL DO BRASIL LTDA;2026-03-04T00:00:00.000-0300;Publicado deferimento;Produto para Saúde;
255;81447950011;FISHER & PAYKEL DO BRASIL LTDA;2025-04-06T00:00:00.000-0300;Publicado deferimento;Produto para Saúde;
256;81464759016;Domo Salute Consultoria Regulatória Ltda;2026-09-23T00:00:00.000-0300;Publicado deferimento;Produto para Saúde;
257;10349000404;AUTO SUTURE DO BRASIL LTDA.;2034-02-10T00:00:00.000-0300;Publicado deferimento;Produto para Saúde;
258;80015660008;VENT-LOGOS SISTEMAS LÓGICOS LTDA;2026-08-29T00:00:00.000-0300;Publicado deferimento;Produto para Saúde;
259;80015660011;VENT-LOGOS SISTEMAS LÓGICOS LTDA;2027-02-20T00:00:00.000-0300;Publicado deferimento;Produto para Saúde;
260;80047300759;MEDSTAR IMPORTAÇÃO E EXPORTAÇÃO LTDA;2022-04-16T00:00:00.000-0300;Publicado deferimento;Produto para Saúde;
261;80117580521;EMERGO BRAZIL IMPORT IMPORTACAO E DISTRIBUICAO DE PRODUTOS MEDICOS HOSPITALARES LTDA;2027-03-27T00:00:00.000-0300;Publicado deferimento;Produto para Saúde;
262;80117580573;EMERGO BRAZIL IMPORT IMPORTACAO E DISTRIBUICAO DE PRODUTOS MEDICOS HOSPITALARES LTDA;2027-08-21T00:00:00.000-0300;Publicado deferimento;Produto para Saúde;
263;80117580836;EMERGO BRAZIL IMPORT IMPORTACAO E DISTRIBUICAO DE PRODUTOS MEDICOS HOSPITALARES LTDA;2029-11-11T00:00:00.000-0300;Publicado deferimento;Produto para Saúde;
264;80117580882;EMERGO BRAZIL IMPORT IMPORTACAO E DISTRIBUICAO DE PRODUTOS MEDICOS HOSPITALARES LTDA;2030-05-25T00:00:00.000-0300;Publicado deferimento;Produto para Saúde;
265;80389130027;GLOBAL TEC INDUSTRIA E COMERCIO DE PRODUTOS MEDICOS LTDA - EPP;2026-02-28T00:00:00.000-0300;Publicado deferimento;Produto para Saúde;
266;80389130028;GLOBAL TEC INDUSTRIA E COMERCIO DE PRODUTOS MEDICOS LTDA - EPP;2026-02-28T00:00:00.000-0300;Publicado deferimento;Produto para Saúde;
267;80583710002;HI TECHNOLOGIES LTDA;2028-05-31T00:00:00.000-0300;Cancelado;Produto para Saúde;
268;80602030002;MASTER MEDIKAL INDUSTRIA E COMERCIO DE EQUIPAMENTOS MEDICOS LTDA;2026-04-11T00:00:00.000-0300;Publicado deferimento;Produto para Saúde;
269;80047300020;MEDSTAR IMPORTAÇÃO E EXPORTAÇÃO LTDA;2007-10-01T00:00:00.000-0300;Arquivado por deferimento;Produto para Saúde;
270;80047300027;MEDSTAR IMPORTAÇÃO E EXPORTAÇÃO LTDA;2013-03-01T00:00:00.000-0300;Arquivado por deferimento;Produto para Saúde;
271;80047300068;MEDSTAR IMPORTAÇÃO E EXPORTAÇÃO LTDA;2015-10-03T00:00:00.000-0300;Publicado deferimento;Produto para Saúde;
272;80047300077;MEDSTAR IMPORTAÇÃO E EXPORTAÇÃO LTDA;2011-02-13T00:00:00.000-0300;Publicado deferimento;Produto para Saúde;
273;80047300173;MEDSTAR IMPORTAÇÃO E EXPORTAÇÃO LTDA;2013-05-12T00:00:00.000-0300;Publicado deferimento;Produto para Saúde;
274;80047300197;MEDSTAR IMPORTAÇÃO E EXPORTAÇÃO LTDA;2013-09-08T00:00:00.000-0300;Publicado deferimento;Produto para Saúde;
275;80047300198;MEDSTAR IMPORTAÇÃO E EXPORTAÇÃO LTDA;2018-09-22T00:00:00.000-0300;Cancelado;Produto para Saúde;
276;80047300207;MEDSTAR IMPORTAÇÃO E EXPORTAÇÃO LTDA;2014-02-02T00:00:00.000-0300;Publicado deferimento;Produto para Saúde;
277;80047300250;MEDSTAR IMPORTAÇÃO E EXPORTAÇÃO LTDA;2014-12-28T00:00:00.000-0300;Publicado deferimento;Produto para Saúde;
278;80047300275;MEDSTAR IMPORTAÇÃO E EXPORTAÇÃO LTDA;2015-05-24T00:00:00.000-0300;Publicado deferimento;Produto para Saúde;
279;80047300276;MEDSTAR IMPORTAÇÃO E EXPORTAÇÃO LTDA;2015-05-25T00:00:00.000-0300;Publicado deferimento;Produto para Saúde;
280;80047300278;MEDSTAR IMPORTAÇÃO E EXPORTAÇÃO LTDA;2015-06-23T00:00:00.000-0300;Publicado deferimento;Produto para Saúde;
281;80047300280;MEDSTAR IMPORTAÇÃO E EXPORTAÇÃO LTDA;2015-07-26T00:00:00.000-0300;Publicado deferimento;Produto para Saúde;
282;80047300303;MEDSTAR IMPORTAÇÃO E EXPORTAÇÃO LTDA;2020-10-11T00:00:00.000-0300;Cancelado;Produto para Saúde;
283;80047300418;MEDSTAR IMPORTAÇÃO E EXPORTAÇÃO LTDA;2017-04-23T00:00:00.000-0300;Cancelado;Produto para Saúde;
284;80047300513;MEDSTAR IMPORTAÇÃO E EXPORTAÇÃO LTDA;2019-08-04T00:00:00.000-0300;Cancelado;Produto para Saúde;
285;80047300589;MEDSTAR IMPORTAÇÃO E EXPORTAÇÃO LTDA;2021-08-08T00:00:00.000-0300;Cancelado;Produto para Saúde;
286;80047300601;MEDSTAR IMPORTAÇÃO E EXPORTAÇÃO LTDA;2022-02-13T00:00:00.000-0300;Cancelado;Produto para Saúde;
287;80047300696;MEDSTAR IMPORTAÇÃO E EXPORTAÇÃO LTDA;2024-04-01T00:00:00.000-0300;Cancelado;Produto para Saúde;
288;80102510001;VR MEDICAL IMPORTADORA E DISTRIBUIDORA DE PRODUTOS MÉDICOS LTDA;2012-09-01T00:00:00.000-0300;Arquivado por deferimento;Produto para Saúde;
289;80102510004;VR MEDICAL IMPORTADORA E DISTRIBUIDORA DE PRODUTOS MÉDICOS LTDA;2013-01-16T00:00:00.000-0300;Arquivado por deferimento;Produto para Saúde;
290;80102510033;VR MEDICAL IMPORTADORA E DISTRIBUIDORA DE PRODUTOS MÉDICOS LTDA;2014-08-23T00:00:00.000-0300;Publicado deferimento;Produto para Saúde;
291;80102510207;VR MEDICAL IMPORTADORA E DISTRIBUIDORA DE PRODUTOS MÉDICOS LTDA;2016-04-24T00:00:00.000-0300;Cancelado;Produto para Saúde;
292;80102510248;VR MEDICAL IMPORTADORA E DISTRIBUIDORA DE PRODUTOS MÉDICOS LTDA;2016-09-11T00:00:00.000-0300;Cancelado;Produto para Saúde;
293;80102510543;VR MEDICAL IMPORTADORA E DISTRIBUIDORA DE PRODUTOS MÉDICOS LTDA;2013-08-11T00:00:00.000-0300;Publicado deferimento;Produto para Saúde;
294;80102510564;VR MEDICAL IMPORTADORA E DISTRIBUIDORA DE PRODUTOS MÉDICOS LTDA;2013-11-17T00:00:00.000-0300;Publicado deferimento;Produto para Saúde;
295;80102510565;VR MEDICAL IMPORTADORA E DISTRIBUIDORA DE PRODUTOS MÉDICOS LTDA;2013-11-17T00:00:00.000-0300;Publicado deferimento;Produto para Saúde;
296;80102510801;VR MEDICAL IMPORTADORA E DISTRIBUIDORA DE PRODUTOS MÉDICOS LTDA;2015-04-30T00:00:00.000-0300;Publicado deferimento;Produto para Saúde;
297;80117589013;EMERGO BRAZIL IMPORT IMPORTACAO E DISTRIBUICAO DE PRODUTOS MEDICOS HOSPITALARES LTDA;2020-11-23T00:00:00.000-0300;Cancelado;Produto para Saúde;
298;80158710002;ACME-EQUIPAMENTOS MEDICO-ODONTOLOGICOS LTDA.;2015-01-18T00:00:00.000-0300;Publicado deferimento;Produto para Saúde;
299;80193710002;M. F. EQUIPAMENTOS MÉDICOS LTDA - EPP;2020-02-02T00:00:00.000-0300;Publicado deferimento;Produto para Saúde;
300;80884619002;Icelera indústria e comércio de equipamentos médicos ltda me;2019-11-24T00:00:00.000-0300;Cancelado;Produto para Saúde;
301;81669220002;Omron Healthcare Brasil Industria e Comercio de Produtos Medicos Ltda;2019-08-18T00:00:00.000-0300;Cancelado;Produto para Saúde;
302;80102510407;VR MEDICAL IMPORTADORA E DISTRIBUIDORA DE PRODUTOS MÉDICOS LTDA;2012-10-01T00:00:00.000-0300;Publicado deferimento;Produto para Saúde;
303;80102510545;VR MEDICAL IMPORTADORA E DISTRIBUIDORA DE PRODUTOS MÉDICOS LTDA;2013-08-18T00:00:00.000-0300;Publicado deferimento;Produto para Saúde;
304;80102510736;VR MEDICAL IMPORTADORA E DISTRIBUIDORA DE PRODUTOS MÉDICOS LTDA;2024-11-30T00:00:00.000-0300;Publicado deferimento;Produto para Saúde;
305;80102511334;VR MEDICAL IMPORTADORA E DISTRIBUIDORA DE PRODUTOS MÉDICOS LTDA;2024-12-01T00:00:00.000-0300;Publicado deferimento;Produto para Saúde;
306;80113010015;RESPIRATORY CARE HOSPITALAR LTDA;2014-06-15T00:00:00.000-0300;Publicado deferimento;Produto para Saúde;
307;80136710114;GUERBET IMAGEM DO BRASIL LTDA;2014-08-11T00:00:00.000-0300;Cancelado;Produto para Saúde;
308;80629370017;ALFA MED SISTEMAS MEDICOS LTDA;2029-07-29T00:00:00.000-0300;Publicado deferimento;Produto para Saúde;
309;10349590044;JG MORIYA REPRESENTAÇÃO IMPORTADORA EXPORTADORA COMERCIAL LTDA;2025-06-27T00:00:00.000-0300;Cancelado;Produto para Saúde;
310;10355390022;NS INDUSTRIA DE APARELHOS MEDICOS LTDA.;2019-08-18T00:00:00.000-0300;Cancelado;Produto para Saúde;
311;10349590075;JG MORIYA REPRESENTAÇÃO IMPORTADORA EXPORTADORA COMERCIAL LTDA;2020-10-18T00:00:00.000-0300;Publicado deferimento;Produto para Saúde;
312;80047309025;MEDSTAR IMPORTAÇÃO E EXPORTAÇÃO LTDA;2020-05-17T00:00:00.000-0300;Cancelado;Produto para Saúde;
313;80117580521;EMERGO BRAZIL IMPORT IMPORTACAO E DISTRIBUICAO DE PRODUTOS MEDICOS HOSPITALARES LTDA;2027-03-27T00:00:00.000-0300;Publicado deferimento;Produto para Saúde;
314;80015660011;VENT-LOGOS SISTEMAS LÓGICOS LTDA;2027-02-20T00:00:00.000-0300;Publicado deferimento;Produto para Saúde;
315;80047300528;MEDSTAR IMPORTAÇÃO E EXPORTAÇÃO LTDA;2024-11-03T00:00:00.000-0300;Publicado deferimento;Produto para Saúde;
316;10150470346;CIRURGICA FERNANDES - COMERCIO DE MATERIAIS CIRURGICOS E HOSPITALARES - SOCIEDADE LIMITADA;2018-10-21T00:00:00.000-0300;Publicado deferimento;Produto para Saúde;
317;10014160035;CPL MEDICAL´S PRODUTOS MÉDICOS LTDA.;2015-06-06T00:00:00.000-0300;Publicado deferimento;Produto para Saúde;
318;10139810034;GUERBET IMAGEM DO BRASIL LTDA;2004-05-01T00:00:00.000-0300;Publicado deferimento;Produto para Saúde;
319;10139810035;GUERBET IMAGEM DO BRASIL LTDA;2009-05-06T00:00:00.000-0300;Publicado deferimento;Produto para Saúde;
320;10139810088;GUERBET IMAGEM DO BRASIL LTDA;2018-03-01T00:00:00.000-0300;Cancelado;Produto para Saúde;
321;10150470500;CIRURGICA FERNANDES - COMERCIO DE MATERIAIS CIRURGICOS E HOSPITALARES - SOCIEDADE LIMITADA;2022-02-13T00:00:00.000-0300;Publicado deferimento;Produto para Saúde;
322;10213590020;XENON MEDICAL BIO SISTEMAS LTDA;2007-12-01T00:00:00.000-0300;Arquivado por deferimento;Produto para Saúde;
323;10216710339;PHILIPS MEDICAL SYSTEMS LTDA;2021-11-28T00:00:00.000-0300;Cancelado;Produto para Saúde;
324;10216719016;PHILIPS MEDICAL SYSTEMS LTDA;2019-04-14T00:00:00.000-0300;Publicado deferimento;Produto para Saúde;
325;10224620057;FANEM LTDA;2011-07-31T00:00:00.000-0300;Publicado deferimento;Produto para Saúde;
326;10243240030;INTERMED EQUIPAMENTO MEDICO HOSPITALAR LTDA;2012-11-01T00:00:00.000-0300;Cancelado;Produto para Saúde;
327;10273820021;NEWMED PRODUTOS PARA SAÚDE LTDA;2013-01-01T00:00:00.000-0300;Publicado deferimento;Produto para Saúde;
328;10319090028;EQUIPAMED EQUIPAMENTOS MÉDICOS LTDA;2008-12-09T00:00:00.000-0300;Publicado deferimento;Produto para Saúde;
329;10330520040;OXIGEL MATERIAIS HOSPITALARES, IND.E COMERCIO LTDA.;2012-02-12T00:00:00.000-0300;Publicado deferimento;Produto para Saúde;
330;10342600004;COMERCIAL NACIONAL DE PRODUTOS HOSPITALARES LTDA;2010-08-01T00:00:00.000-0300;Publicado deferimento;Produto para Saúde;
331;10342600033;COMERCIAL NACIONAL DE PRODUTOS HOSPITALARES LTDA;2012-10-08T00:00:00.000-0300;Publicado deferimento;Produto para Saúde;
332;10349590040;JG MORIYA REPRESENTAÇÃO IMPORTADORA EXPORTADORA COMERCIAL LTDA;2020-01-31T00:00:00.000-0300;Publicado deferimento;Produto para Saúde;
333;10349590043;JG MORIYA REPRESENTAÇÃO IMPORTADORA EXPORTADORA COMERCIAL LTDA;2015-06-27T00:00:00.000-0300;Publicado deferimento;Produto para Saúde;
334;10349590053;JG MORIYA REPRESENTAÇÃO IMPORTADORA EXPORTADORA COMERCIAL LTDA;2012-11-19T00:00:00.000-0300;Publicado deferimento;Produto para Saúde;
335;10349590056;JG MORIYA REPRESENTAÇÃO IMPORTADORA EXPORTADORA COMERCIAL LTDA;2013-04-14T00:00:00.000-0300;Publicado deferimento;Produto para Saúde;
336;10354170006;NEUROTEC EMP. DE PESQ. E DESENV. EM BIOMED. LTDA;2021-11-14T00:00:00.000-0300;Cancelado;Produto para Saúde;
337;10355390016;NS INDUSTRIA DE APARELHOS MEDICOS LTDA.;2015-02-17T00:00:00.000-0300;Publicado deferimento;Produto para Saúde;
338;10382620025;VITALMED EQUIPAMENTOS MÉDICOS HOSPITALARES LTDA;2011-01-02T00:00:00.000-0300;Publicado deferimento;Produto para Saúde;
339;10382620026;VITALMED EQUIPAMENTOS MÉDICOS HOSPITALARES LTDA;2011-01-02T00:00:00.000-0300;Publicado deferimento;Produto para Saúde;
340;10382620033;VITALMED EQUIPAMENTOS MÉDICOS HOSPITALARES LTDA;2012-10-01T00:00:00.000-0300;Publicado deferimento;Produto para Saúde;
341;10382629001;VITALMED EQUIPAMENTOS MÉDICOS HOSPITALARES LTDA;2010-10-24T00:00:00.000-0300;Publicado deferimento;Produto para Saúde;
342;10382629002;VITALMED EQUIPAMENTOS MÉDICOS HOSPITALARES LTDA;2010-12-12T00:00:00.000-0300;Publicado deferimento;Produto para Saúde;
343;10407370051;DRAGER INDUSTRIA E COMERCIO LTDA;2012-04-16T00:00:00.000-0300;Publicado deferimento;Produto para Saúde;
344;10429990031;INDUMED COMÉRCIO IMPORTAÇÃO E EXPORTAÇÃO DE PRODUTOS MÉDICOS LTDA;2010-12-12T00:00:00.000-0300;Publicado deferimento;Produto para Saúde;
345;80015660003;VENT-LOGOS SISTEMAS LÓGICOS LTDA;2024-10-14T00:00:00.000-0300;Publicado deferimento;Produto para Saúde;
346;80015669001;VENT-LOGOS SISTEMAS LÓGICOS LTDA;2021-01-11T00:00:00.000-0300;Publicado deferimento;Produto para Saúde;
347;80015669002;VENT-LOGOS SISTEMAS LÓGICOS LTDA;2021-12-26T00:00:00.000-0300;Publicado deferimento;Produto para Saúde;
348;80047300013;MEDSTAR IMPORTAÇÃO E EXPORTAÇÃO LTDA;2007-08-01T00:00:00.000-0300;Publicado deferimento;Produto para Saúde;
349;80047300019;MEDSTAR IMPORTAÇÃO E EXPORTAÇÃO LTDA;2007-09-01T00:00:00.000-0300;Arquivado por deferimento;Produto para Saúde;
350;80047300021;MEDSTAR IMPORTAÇÃO E EXPORTAÇÃO LTDA;2007-10-01T00:00:00.000-0300;Arquivado por deferimento;Produto para Saúde;
351;80047300022;MEDSTAR IMPORTAÇÃO E EXPORTAÇÃO LTDA;2007-10-01T00:00:00.000-0300;Arquivado por deferimento;Produto para Saúde;
352;80047300057;MEDSTAR IMPORTAÇÃO E EXPORTAÇÃO LTDA;2015-02-14T00:00:00.000-0300;Publicado deferimento;Produto para Saúde;
353;80047300070;MEDSTAR IMPORTAÇÃO E EXPORTAÇÃO LTDA;2010-10-03T00:00:00.000-0300;Publicado deferimento;Produto para Saúde;
354;80047300074;MEDSTAR IMPORTAÇÃO E EXPORTAÇÃO LTDA;2016-01-09T00:00:00.000-0300;Cancelado;Produto para Saúde;
355;80047300103;MEDSTAR IMPORTAÇÃO E EXPORTAÇÃO LTDA;2016-08-21T00:00:00.000-0300;Cancelado;Produto para Saúde;
356;80047300174;MEDSTAR IMPORTAÇÃO E EXPORTAÇÃO LTDA;2018-06-16T00:00:00.000-0300;Cancelado;Produto para Saúde;
357;80047300194;MEDSTAR IMPORTAÇÃO E EXPORTAÇÃO LTDA;2018-08-18T00:00:00.000-0300;Cancelado;Produto para Saúde;
358;80047300206;MEDSTAR IMPORTAÇÃO E EXPORTAÇÃO LTDA;2018-12-11T00:00:00.000-0300;Cancelado;Produto para Saúde;
359;80047300214;MEDSTAR IMPORTAÇÃO E EXPORTAÇÃO LTDA;2014-03-30T00:00:00.000-0300;Publicado deferimento;Produto para Saúde;
360;80047300234;MEDSTAR IMPORTAÇÃO E EXPORTAÇÃO LTDA;2019-10-05T00:00:00.000-0300;Cancelado;Produto para Saúde;
361;80047300240;MEDSTAR IMPORTAÇÃO E EXPORTAÇÃO LTDA;2019-11-16T00:00:00.000-0300;Cancelado;Produto para Saúde;
362;80047300252;MEDSTAR IMPORTAÇÃO E EXPORTAÇÃO LTDA;2015-01-11T00:00:00.000-0300;Publicado deferimento;Produto para Saúde;
363;80047300258;MEDSTAR IMPORTAÇÃO E EXPORTAÇÃO LTDA;2015-03-08T00:00:00.000-0300;Publicado deferimento;Produto para Saúde;
364;80047300262;MEDSTAR IMPORTAÇÃO E EXPORTAÇÃO LTDA;2015-03-29T00:00:00.000-0300;Publicado deferimento;Produto para Saúde;
365;80047300273;MEDSTAR IMPORTAÇÃO E EXPORTAÇÃO LTDA;2015-05-17T00:00:00.000-0300;Publicado deferimento;Produto para Saúde;
366;80047300285;MEDSTAR IMPORTAÇÃO E EXPORTAÇÃO LTDA;2025-08-23T00:00:00.000-0300;Publicado deferimento;Produto para Saúde;
367;80047300372;MEDSTAR IMPORTAÇÃO E EXPORTAÇÃO LTDA;2016-07-04T00:00:00.000-0300;Cancelado;Produto para Saúde;
368;80047300385;MEDSTAR IMPORTAÇÃO E EXPORTAÇÃO LTDA;2016-10-10T00:00:00.000-0300;Cancelado;Produto para Saúde;
369;80047300414;MEDSTAR IMPORTAÇÃO E EXPORTAÇÃO LTDA;2017-03-12T00:00:00.000-0300;Cancelado;Produto para Saúde;
370;80047300430;MEDSTAR IMPORTAÇÃO E EXPORTAÇÃO LTDA;2017-07-09T00:00:00.000-0300;Cancelado;Produto para Saúde;
371;80047300628;MEDSTAR IMPORTAÇÃO E EXPORTAÇÃO LTDA;2022-08-21T00:00:00.000-0300;Publicado deferimento;Produto para Saúde;
372;80047300651;MEDSTAR IMPORTAÇÃO E EXPORTAÇÃO LTDA;2023-01-22T00:00:00.000-0300;Publicado deferimento;Produto para Saúde;
373;80047309073;MEDSTAR IMPORTAÇÃO E EXPORTAÇÃO LTDA;2017-03-12T00:00:00.000-0300;Cancelado;Produto para Saúde;
374;80047309091;MEDSTAR IMPORTAÇÃO E EXPORTAÇÃO LTDA;2017-12-03T00:00:00.000-0300;Cancelado;Produto para Saúde;
375;80102510002;VR MEDICAL IMPORTADORA E DISTRIBUIDORA DE PRODUTOS MÉDICOS LTDA;2017-12-05T00:00:00.000-0300;Publicado deferimento;Produto para Saúde;
376;80102510003;VR MEDICAL IMPORTADORA E DISTRIBUIDORA DE PRODUTOS MÉDICOS LTDA;2008-01-01T00:00:00.000-0300;Arquivado por deferimento;Produto para Saúde;
377;80102510008;VR MEDICAL IMPORTADORA E DISTRIBUIDORA DE PRODUTOS MÉDICOS LTDA;2008-06-01T00:00:00.000-0300;Arquivado por deferimento;Produto para Saúde;
378;80102510032;VR MEDICAL IMPORTADORA E DISTRIBUIDORA DE PRODUTOS MÉDICOS LTDA;2014-06-29T00:00:00.000-0300;Publicado deferimento;Produto para Saúde;
379;80102510058;VR MEDICAL IMPORTADORA E DISTRIBUIDORA DE PRODUTOS MÉDICOS LTDA;2015-06-06T00:00:00.000-0300;Publicado deferimento;Produto para Saúde;
380;80102510074;VR MEDICAL IMPORTADORA E DISTRIBUIDORA DE PRODUTOS MÉDICOS LTDA;2015-08-01T00:00:00.000-0300;Publicado deferimento;Produto para Saúde;
381;80102510092;VR MEDICAL IMPORTADORA E DISTRIBUIDORA DE PRODUTOS MÉDICOS LTDA;2015-10-17T00:00:00.000-0300;Publicado deferimento;Produto para Saúde;
382;80102510149;VR MEDICAL IMPORTADORA E DISTRIBUIDORA DE PRODUTOS MÉDICOS LTDA;2010-12-26T00:00:00.000-0300;Publicado deferimento;Produto para Saúde;
383;80102510362;VR MEDICAL IMPORTADORA E DISTRIBUIDORA DE PRODUTOS MÉDICOS LTDA;2017-06-11T00:00:00.000-0300;Publicado deferimento;Produto para Saúde;
384;80102510373;VR MEDICAL IMPORTADORA E DISTRIBUIDORA DE PRODUTOS MÉDICOS LTDA;2012-07-16T00:00:00.000-0300;Publicado deferimento;Produto para Saúde;
385;80102510376;VR MEDICAL IMPORTADORA E DISTRIBUIDORA DE PRODUTOS MÉDICOS LTDA;2012-07-23T00:00:00.000-0300;Publicado deferimento;Produto para Saúde;
386;80102510421;VR MEDICAL IMPORTADORA E DISTRIBUIDORA DE PRODUTOS MÉDICOS LTDA;2012-10-29T00:00:00.000-0300;Publicado deferimento;Produto para Saúde;
387;80102510430;VR MEDICAL IMPORTADORA E DISTRIBUIDORA DE PRODUTOS MÉDICOS LTDA;2012-11-19T00:00:00.000-0300;Publicado deferimento;Produto para Saúde;
388;80102510458;VR MEDICAL IMPORTADORA E DISTRIBUIDORA DE PRODUTOS MÉDICOS LTDA;2013-01-28T00:00:00.000-0300;Publicado deferimento;Produto para Saúde;
389;80102510559;VR MEDICAL IMPORTADORA E DISTRIBUIDORA DE PRODUTOS MÉDICOS LTDA;2013-11-10T00:00:00.000-0300;Publicado deferimento;Produto para Saúde;
390;80102510731;VR MEDICAL IMPORTADORA E DISTRIBUIDORA DE PRODUTOS MÉDICOS LTDA;2014-11-16T00:00:00.000-0300;Publicado deferimento;Produto para Saúde;
391;80102519025;VR MEDICAL IMPORTADORA E DISTRIBUIDORA DE PRODUTOS MÉDICOS LTDA;2014-12-14T00:00:00.000-0300;Publicado deferimento;Produto para Saúde;
392;80102519026;VR MEDICAL IMPORTADORA E DISTRIBUIDORA DE PRODUTOS MÉDICOS LTDA;2019-12-21T00:00:00.000-0300;Publicado deferimento;Produto para Saúde;
393;80117580504;EMERGO BRAZIL IMPORT IMPORTACAO E DISTRIBUICAO DE PRODUTOS MEDICOS HOSPITALARES LTDA;2021-12-26T00:00:00.000-0300;Cancelado;Produto para Saúde;
394;80117589047;EMERGO BRAZIL IMPORT IMPORTACAO E DISTRIBUICAO DE PRODUTOS MEDICOS HOSPITALARES LTDA;2026-09-23T00:00:00.000-0300;Publicado deferimento;Produto para Saúde;
395;80136710109;GUERBET IMAGEM DO BRASIL LTDA;2014-06-04T00:00:00.000-0300;Cancelado;Produto para Saúde;
396;80136710123;GUERBET IMAGEM DO BRASIL LTDA;2015-05-30T00:00:00.000-0300;Publicado deferimento;Produto para Saúde;
397;80136710165;GUERBET IMAGEM DO BRASIL LTDA;2018-01-14T00:00:00.000-0300;Cancelado;Produto para Saúde;
398;80158710001;ACME-EQUIPAMENTOS MEDICO-ODONTOLOGICOS LTDA.;2010-08-01T00:00:00.000-0300;Publicado deferimento;Produto para Saúde;
399;80170310006;BACE COMÉRCIO INTERNACIONAL LTDA;2015-03-10T00:00:00.000-0300;Publicado deferimento;Produto para Saúde;
400;80171530005;MAKE LINE COMERCIAL LTDA ME;2013-06-16T00:00:00.000-0300;Publicado deferimento;Produto para Saúde;
401;80171530079;MAKE LINE COMERCIAL LTDA ME;2020-06-22T00:00:00.000-0300;Publicado deferimento;Produto para Saúde;
402;80171539009;MAKE LINE COMERCIAL LTDA ME;2018-03-11T00:00:00.000-0300;Publicado deferimento;Produto para Saúde;
403;80342230010;NEUROSOFT EQUIPAMENTOS E SUPRIMENTOS MEDICOS LTDA;2021-01-17T00:00:00.000-0300;Cancelado;Produto para Saúde;
404;80358740014;IMPACTO PRODUTOS MÉDICOS E HOSPITALARES LTDA - ME;2014-10-26T00:00:00.000-0300;Publicado deferimento;Produto para Saúde;
405;80389130012;GLOBAL TEC INDUSTRIA E COMERCIO DE PRODUTOS MEDICOS LTDA - EPP;2017-09-03T00:00:00.000-0300;Cancelado;Produto para Saúde;
406;80393910018;ENDOBRAX COMERCIO, IMPORTAÇÃO E EXPORTAÇÃO DE EQUIPAMENTOS MEDICOS LTDA;2026-03-21T00:00:00.000-0300;Publicado deferimento;Produto para Saúde;
407;80412230005;RWR INDUSTRIA E COMERCIO DE EQUIPAMENTOS PARA ELETROMEDICINA LTDA;2013-07-07T00:00:00.000-0300;Publicado deferimento;Produto para Saúde;
408;80412230008;RWR INDUSTRIA E COMERCIO DE EQUIPAMENTOS PARA ELETROMEDICINA LTDA;2013-07-07T00:00:00.000-0300;Publicado deferimento;Produto para Saúde;
409;80412230029;RWR INDUSTRIA E COMERCIO DE EQUIPAMENTOS PARA ELETROMEDICINA LTDA;2021-09-19T00:00:00.000-0300;Publicado deferimento;Produto para Saúde;
410;80435140004;PROTEC EXPORT INDÚSTRIA, COMÉRCIO, IMPORTAÇAO E EXPORTAÇÃO DE EQUIPAMENTOS MÉDICOS HOSPITALARES LTDA;2018-10-20T00:00:00.000-0300;Publicado deferimento;Produto para Saúde;
411;80435140011;PROTEC EXPORT INDÚSTRIA, COMÉRCIO, IMPORTAÇAO E EXPORTAÇÃO DE EQUIPAMENTOS MÉDICOS HOSPITALARES LTDA;2014-02-25T00:00:00.000-0300;Publicado deferimento;Produto para Saúde;
412;80435140024;PROTEC EXPORT INDÚSTRIA, COMÉRCIO, IMPORTAÇAO E EXPORTAÇÃO DE EQUIPAMENTOS MÉDICOS HOSPITALARES LTDA;2019-08-31T00:00:00.000-0300;Publicado deferimento;Produto para Saúde;
413;80488290024;LUMIAR HEALTH BUILDERS EQUIPAMENTOS HOSPITALARES LTDA;2021-04-04T00:00:00.000-0300;Publicado deferimento;Produto para Saúde;
414;80488290027;LUMIAR HEALTH BUILDERS EQUIPAMENTOS HOSPITALARES LTDA;2022-01-23T00:00:00.000-0300;Publicado deferimento;Produto para Saúde;
415;80488290028;LUMIAR HEALTH BUILDERS EQUIPAMENTOS HOSPITALARES LTDA;2022-02-20T00:00:00.000-0300;Publicado deferimento;Produto para Saúde;
416;80488290033;LUMIAR HEALTH BUILDERS EQUIPAMENTOS HOSPITALARES LTDA;2023-10-29T00:00:00.000-0300;Publicado deferimento;Produto para Saúde;
417;80488299001;LUMIAR HEALTH BUILDERS EQUIPAMENTOS HOSPITALARES LTDA;2018-10-21T00:00:00.000-0300;Publicado deferimento;Produto para Saúde;
418;80488299006;LUMIAR HEALTH BUILDERS EQUIPAMENTOS HOSPITALARES LTDA;2025-06-29T00:00:00.000-0300;Cancelado;Produto para Saúde;
419;80488299008;LUMIAR HEALTH BUILDERS EQUIPAMENTOS HOSPITALARES LTDA;2026-10-21T00:00:00.000-0300;Publicado deferimento;Produto para Saúde;
420;80568900014;MARIA JOSÉ VIEIRA SILICONES - EPP;2025-07-13T00:00:00.000-0300;Publicado deferimento;Produto para Saúde;
421;80602030061;MASTER MEDIKAL INDUSTRIA E COMERCIO DE EQUIPAMENTOS MEDICOS LTDA;2025-08-24T00:00:00.000-0300;Publicado deferimento;Produto para Saúde;
422;80677040004;VENTCARE INDUSTRIA E COMERCIO LTDA - ME;2021-04-11T00:00:00.000-0300;Publicado deferimento;Produto para Saúde;
423;80677040011;VENTCARE INDUSTRIA E COMERCIO LTDA - ME;2018-03-25T00:00:00.000-0300;Publicado deferimento;Produto para Saúde;
424;80986669001;MEDSUPPLY ELETRO-ELETRONICA LTDA - EPP;2020-11-23T00:00:00.000-0300;Cancelado;Produto para Saúde;
425;81281830009;DOMAX INDÚSTRIA, COMÉRCIO, IMPORTAÇÃO E  EXPORTAÇÃO DE EQUIPAMENTOS HOSPITALARES LTDA;2021-01-25T00:00:00.000-0300;Publicado deferimento;Produto para Saúde;
426;81337310001;Rotarex Brasil LTDA;2021-11-14T00:00:00.000-0300;Publicado deferimento;Produto para Saúde;
427;81628570001;TREND MEDICAL INDÚSTRIA E COMÉRCIO DE PRODUTOS MÉDICOS LTDA ME;2023-07-09T00:00:00.000-0300;Publicado deferimento;Produto para Saúde;
428;81944280001;MASIMO IMPORTAÇÃO E DISTRIBUIÇÃO DE PRODUTOS MÉDICOS LTDA;2030-10-01T00:00:00.000-0300;Publicado deferimento;Produto para Saúde;
429;81944280002;MASIMO IMPORTAÇÃO E DISTRIBUIÇÃO DE PRODUTOS MÉDICOS LTDA;2030-10-01T00:00:00.000-0300;Publicado deferimento;Produto para Saúde;
430;81447959007;FISHER & PAYKEL DO BRASIL LTDA;2025-11-05T00:00:00.000-0300;Publicado deferimento;Produto para Saúde;
431;80899380003;ANDRAMED INDÚSTRIA E COMÉRCIO DE PRODUTOS PARA USO MÉDICO LTDA - M.E.;2019-05-12T00:00:00.000-0300;Publicado deferimento;Produto para Saúde;
